{
  "accuracy": 0.9035369774919614,
  "balanced_accuracy": 0.8737447221271254,
  "macro_f1": 0.8851718019127142,
  "weighted_f1": 0.9002678543911958
}