{
  "accuracy": 0.7819380355965722,
  "balanced_accuracy": 0.7899041187602358,
  "macro_f1": 0.7802999267350715,
  "weighted_f1": 0.77853921301466
}